id,farm,hub,web,image,logo,category
1,3 Sisters Family Farm,PSFH,https://www.3sistersbeef.com/,"https://static.wixstatic.com/media/14afab_7e03e1ca45714bdcaa4d254adcc08361~mv2_d_4200_2800_s_4_2.jpg/v1/fill/w_980,h_579,al_c,q_85,usm_0.66_1.00_0.01/14afab_7e03e1ca45714bdcaa4d254adcc08361~mv2_d_4200_2800_s_4_2.webp",https://lfmimages.blob.core.windows.net/400952-puget/products/producers/8d700213-b955-4908-90ed-681dbc0edf4f/pThumbnail.jpeg,Farm
2,Acme Farms Cheese,PSFH,https://www.acmefarmscheese.com/,https://images.squarespace-cdn.com/content/v1/57d9aab1e4fcb549d987bd11/1479497330715-JGBGZWG03GDHOU8P4UID/ke17ZwdGBToddI8pDm48kM5BmEnDA4Bl8AD5ABf-Eat7gQa3H78H3Y0txjaiv_0fDoOvxcdMmMKkDsyUqMSsMWxHk725yiiHCCLfrh8O1z5QPOohDIaIeljMHgDF5CVlOqpeNLcJ80NK65_fV7S1UfyFIubaIMod7PLwyl1ADQNJrBU8l8FOZTeoIid0n8bI_RvfoQ25ZlgT83SK2RCHFg/barn_2.jpg,https://lfmimages.blob.core.windows.net/400952-puget/products/producers/091e12ca-67a2-4f46-8611-b15e9f828a20/pThumbnail.jpeg,Producer
3,Alluvial Farms,PSFH,http://www.alluvialfarms.com/,https://lfmimages.blob.core.windows.net/400952-puget/products/producers/15b98e76-c128-4723-8feb-f6e2e7e815a4/producerImg1.jpeg,https://lfmimages.blob.core.windows.net/400952-puget/products/producers/15b98e76-c128-4723-8feb-f6e2e7e815a4/pThumbnail.jpeg,Farm
4,Avenue Bakery,PSFH,http://www.avenuebread.com/,https://avenuebread.com/wp-content/uploads/2019/11/Bread4Web.jpg,https://lfmimages.blob.core.windows.net/400952-puget/meet-the-producers/d24c7932-acfb-49fa-a5d3-95ef7129d7db/pThumbnail.jpeg,Producer
5,Bart's Better Foods,PSFH,https://store.pugetsoundfoodhub.com/Producer/a8f82789-c0c9-4011-874a-11697252d866,https://lfmimages.blob.core.windows.net/400952-puget/meet-the-producers/a8f82789-c0c9-4011-874a-11697252d866/producerImg2.jpeg,https://lfmimages.blob.core.windows.net/400952-puget/meet-the-producers/a8f82789-c0c9-4011-874a-11697252d866/pThumbnail.jpeg,Producer
6,BeeWorks Farm,PSFH,https://store.pugetsoundfoodhub.com/Producer/84eebf3a-9cb4-4c9c-9e61-9c8ae900b4cb,https://lfmimages.blob.core.windows.net/400952-puget/products/producers/84eebf3a-9cb4-4c9c-9e61-9c8ae900b4cb/producerImg1.jpeg,https://lfmimages.blob.core.windows.net/400952-puget/products/producers/84eebf3a-9cb4-4c9c-9e61-9c8ae900b4cb/pThumbnail.jpeg,Farm
7,Bellewood Farms,PSFH,http://bellewoodfarms.com/,https://lfmimages.blob.core.windows.net/400952-puget/Producer_Profile_Photos/BelleWood.JPG,https://lfmimages.blob.core.windows.net/400952-puget/Producer_Profile_Photos/bellewoodlogoedit.jpg,Farm
8,Bellingham Pasta Company,PSFH,https://bellinghampasta.com/,https://bellinghampasta.com/bpc/wp-content/uploads/2016/07/simply_1.jpg,https://lfmimages.blob.core.windows.net/400952-puget/products/producers/5b0986b6-5d3e-4e7a-b971-ff170815d10b/pThumbnail.jpeg,Producer
9,Big Barn Brewing,LINC,http://www.bigbarnbrewing.com/,https://images.squarespace-cdn.com/content/v1/52f151aee4b0cbd3eeceb3c9/1574551077499-US8HM02F4R73GBE362YY/ke17ZwdGBToddI8pDm48kK60W-ob1oA2Fm-j4E_9NQB7gQa3H78H3Y0txjaiv_0fDoOvxcdMmMKkDsyUqMSsMWxHk725yiiHCCLfrh8O1z4YTzHvnKhyp6Da-NYroOW3ZGjoBKy3azqku80C789l0kD6Ec8Uq9YczfrzwR7e2Mh5VMMOxnTbph8FXiclivDQnof69TlCeE0rAhj6HUpXkw/IMG_8446.JPG,,Farm
10,Big Sage Organics,LINC,https://www.bigsageorganics.net/,https://images.squarespace-cdn.com/content/v1/52f151aee4b0cbd3eeceb3c9/1574454742138-ER9XUHYITPELH7X8RYMZ/ke17ZwdGBToddI8pDm48kFu187FrnlohTMh86m-Pip97gQa3H78H3Y0txjaiv_0fDoOvxcdMmMKkDsyUqMSsMWxHk725yiiHCCLfrh8O1z5QHyNOqBUUEtDDsRWrJLTmrHRf1K6y09DV7Y-OKoN9AP6aiSIGfegpgQrV_o0Rel54e7pDuK0Dsd1aPhAE6BHd/Big+Sage+-+Kohlrabi.png,,Farm
11,Bison and Bee Honey,WMGC,http://www.bisonandbee.com/,https://images.squarespace-cdn.com/content/v1/58ab5c7617bffc6029e04e46/1495051200408-IN1RKL3UW494T2Z16GJJ/ke17ZwdGBToddI8pDm48kGlbuFf65q0r1KjtXmkgZ8RZw-zPPgdn4jUwVcJE1ZvWEtT5uBSRWt4vQZAgTJucoTqqXjS3CfNDSuuf31e0tVHQr4qVp_kNJG2u_5cTbyEwq9MzN1827TBJDT2qDOzC9jZ6KHwYYUbGpCpPtmpQqmg/wb.jpg,https://images.squarespace-cdn.com/content/v1/58ab5c7617bffc6029e04e46/1495555892098-0LQLFB7FCANKZVEITW07/ke17ZwdGBToddI8pDm48kA0IjZD1g38gULWkMPvrnLZZw-zPPgdn4jUwVcJE1ZvWhcwhEtWJXoshNdA9f1qD7Umpxc4wiY59jJM_L58ANN65SeI8p-Xw72uLhRjnLpFSgrT8wUkb2S8RkKZUrn50zg/Bison-Bee.png,Farm
12,Blanchard Mountain Farm,PSFH,http://www.blanchardmountainfarm.com/,https://lfmimages.blob.core.windows.net/400952-puget/products/producers/d79592c9-c42b-495a-8ad6-81144aae7758/producerImg1.jpeg,https://lfmimages.blob.core.windows.net/400952-puget/Producer_Profile_Photos/BlanchardLogo.jpg,Farm
13,Boldly Grown Farm,PSFH,http://www.boldlygrownfarm.com/,https://lfmimages.blob.core.windows.net/400952-puget/Producer_Profile_Photos/BoldlyGrown1.jpg,https://lfmimages.blob.core.windows.net/400952-puget/Producer_Profile_Photos/BoldlyGrownFarmLogoedit.jpg,Farm
14,Bow Hill Blueberries,PSFH,http://www.bowhillblueberries.com/,https://lfmimages.blob.core.windows.net/400952-puget/meet-the-producers/74a6c34d-6ae8-41f3-877f-691806b1191d/producerImg2.jpeg,https://lfmimages.blob.core.windows.net/400952-puget/meet-the-producers/74a6c34d-6ae8-41f3-877f-691806b1191d/pThumbnail.jpeg,Farm
15,Boxx Berry Farm,PSFH,https://www.boxxberryfarm.com/,https://www.boxxberryfarm.com/wp-content/uploads/2020/06/2615950E-13B3-4536-91B0-E85C1CCCB5CE-300x200.jpeg,https://www.boxxberryfarm.com/wp-content/uploads/2020/06/image0.png,Farm
16,Brush Creek Creamery,LINC,http://www.brushcreekcreamery.com/,https://images.squarespace-cdn.com/content/v1/52f151aee4b0cbd3eeceb3c9/1575566874583-O9BYWN4GB2IKGBX1PXL4/ke17ZwdGBToddI8pDm48kANU1I5Olj2hr4y6T3WT91x7gQa3H78H3Y0txjaiv_0fDoOvxcdMmMKkDsyUqMSsMWxHk725yiiHCCLfrh8O1z5QPOohDIaIeljMHgDF5CVlOqpeNLcJ80NK65_fV7S1Ub11NSTVI8Axip6F8tVBP5tI5ImsOVnuAD7UkQAEcubSkxn0g6lR5Nhs_Kjrj6WtEA/IMG_8854.jpg,,Producer
17,Cabrera Farms,PSFH,https://store.pugetsoundfoodhub.com/Producer/ca4c857a-3d4d-48f6-afcf-1f6fa134e9d1,https://lfmimages.blob.core.windows.net/400952-puget/products/producers/ca4c857a-3d4d-48f6-afcf-1f6fa134e9d1/producerImg1.jpeg,https://lfmimages.blob.core.windows.net/400952-puget/products/producers/ca4c857a-3d4d-48f6-afcf-1f6fa134e9d1/pThumbnail.jpeg,Farm
18,Cairnspring Mills,PSFH,http://www.cairnspring.com/,https://lfmimages.blob.core.windows.net/400952-puget/products/producers/f13345ef-6766-4ee7-846e-35e375c780da/producerImg1.png,https://lfmimages.blob.core.windows.net/400952-puget/products/producers/f13345ef-6766-4ee7-846e-35e375c780da/pThumbnail.jpeg,Producer
19,Caruso Farm,PSFH,http://carusofarm.com/,https://images.squarespace-cdn.com/content/v1/517e994de4b0d5eb59e2491a/1614115829648-AV7UA4M1RGVMAFJHXHKS/ke17ZwdGBToddI8pDm48kK60W-ob1oA2Fm-j4E_9NQB7gQa3H78H3Y0txjaiv_0fDoOvxcdMmMKkDsyUqMSsMWxHk725yiiHCCLfrh8O1z4YTzHvnKhyp6Da-NYroOW3ZGjoBKy3azqku80C789l0kD6Ec8Uq9YczfrzwR7e2Mh5VMMOxnTbph8FXiclivDQnof69TlCeE0rAhj6HUpXkw/market+spread.JPG,https://lfmimages.blob.core.windows.net/400952-puget/Producer_Profile_Photos/Caruso.jpg,Farm
20,Cascadia Mushrooms,PSFH,http://www.cascadiamushrooms.com/,https://lfmimages.blob.core.windows.net/400952-puget/Producer_Profile_Photos/Cascadia_Mushroom_Rev.jpg,https://lfmimages.blob.core.windows.net/400952-puget/Producer_Profile_Photos/CascadiaMushroomsLogo.jpg,Farm
21,Cedarville Farm,PSFH,http://www.cedarvillefarm.com/,https://lfmimages.blob.core.windows.net/400952-puget/Producer_Profile_Photos/CedarvilleFarm.jpg,https://lfmimages.blob.core.windows.net/400952-puget/Producer_Profile_Photos/CedarvilleLogo.jpg,Farm
22,Channing Farm,LINC,https://lincfoods.localfoodmarketplace.com/Producer/2e821948-880f-43d6-bd16-62029f49d0a8,https://images.squarespace-cdn.com/content/v1/52f151aee4b0cbd3eeceb3c9/1611793742980-FTTVY2OIGCHRPHCVRCU0/ke17ZwdGBToddI8pDm48kK60W-ob1oA2Fm-j4E_9NQB7gQa3H78H3Y0txjaiv_0fDoOvxcdMmMKkDsyUqMSsMWxHk725yiiHCCLfrh8O1z4YTzHvnKhyp6Da-NYroOW3ZGjoBKy3azqku80C789l0kD6Ec8Uq9YczfrzwR7e2Mh5VMMOxnTbph8FXiclivDQnof69TlCeE0rAhj6HUpXkw/onions+yellow+channing.jpg,,Farm
23,Cherry Valley Dairy,PSFH,http://cherryvalleydairy.com/,https://lfmimages.blob.core.windows.net/400952-puget/Producer_Profile_Photos/Cherry_Valley.jpg,https://lfmimages.blob.core.windows.net/400952-puget/Producer_Profile_Photos/CherryValleysmLOGO.jpg,Farm
24,Chimacum Valley Dairy,PSFH,http://www.chimacumvalleydairy.com/,http://www.chimacumvalleydairy.com/images/BigCheeseM.jpg,https://lfmimages.blob.core.windows.net/400952-puget/meet-the-producers/dd516f2e-0a44-4315-a4a3-ff244828fd46/pThumbnail.jpeg,Farm
25,Clark Fork Organics,WMGC,https://www.wmgcoop.com/clark-fork-organics,https://images.squarespace-cdn.com/content/v1/58ab5c7617bffc6029e04e46/1491418444863-TPYLWZF37O3BYFTR7JGF/ke17ZwdGBToddI8pDm48kPZjswWEEM1xUlE2nw_1gDZZw-zPPgdn4jUwVcJE1ZvWEtT5uBSRWt4vQZAgTJucoTqqXjS3CfNDSuuf31e0tVFEypcWtVdAnmHnO4a1hPNGKftICS8WvBaaDvL8dARr2lYCOBSuh7_iz0ZUXSA5sds/Clarkfork+Image.jpg,,Farm
26,Cloud Mountain Farm Center,PSFH,http://www.cloudmountainfarmcenter.org/,https://lfmimages.blob.core.windows.net/400952-puget/Producer_Profile_Photos/CMFCPhoto.jpg,https://lfmimages.blob.core.windows.net/400952-puget/Producer_Profile_Photos/CMFCLogo.jpg,Farm
27,County Rail Farm,WMGC,https://www.wmgcoop.com/county-rail-farm,https://images.squarespace-cdn.com/content/v1/58ab5c7617bffc6029e04e46/1555608329467-8L6Z46FDQ6N6OA9MSMSP/ke17ZwdGBToddI8pDm48kBZw6jF4_OvU-ddo_vwqGhp7gQa3H78H3Y0txjaiv_0fDoOvxcdMmMKkDsyUqMSsMWxHk725yiiHCCLfrh8O1z5QPOohDIaIeljMHgDF5CVlOqpeNLcJ80NK65_fV7S1Ub61YCrK70I7JIpWiI8ho4Yi1WvVNQtDE81xuRbL1MFKm0sD-Bab7E9MY8W31A7zMQ/image1.jpeg,https://images.squarespace-cdn.com/content/v1/58ab5c7617bffc6029e04e46/1491419092140-0KKIZX7XNL0C91PBEQ8Q/ke17ZwdGBToddI8pDm48kMHqp69ZSAEKOCbGUu4-1PJ7gQa3H78H3Y0txjaiv_0fDoOvxcdMmMKkDsyUqMSsMWxHk725yiiHCCLfrh8O1z5QPOohDIaIeljMHgDF5CVlOqpeNLcJ80NK65_fV7S1UV2asf3poEtzG10qwH0wRHNtsW-BZwGOx8vqqV0PQm1YWba5L34rbLYwbmLnwJFOnw/County+Rail+Logo.jpg,Farm
28,Courage To Grow Farms,LINC,https://www.couragetogrowfarms.com/,https://images.squarespace-cdn.com/content/v1/52f151aee4b0cbd3eeceb3c9/1574454864187-IYRLIRCPNEBSOBRUIQNO/ke17ZwdGBToddI8pDm48kDHPSfPanjkWqhH6pl6g5ph7gQa3H78H3Y0txjaiv_0fDoOvxcdMmMKkDsyUqMSsMWxHk725yiiHCCLfrh8O1z4YTzHvnKhyp6Da-NYroOW3ZGjoBKy3azqku80C789l0mwONMR1ELp49Lyc52iWr5dNb1QJw9casjKdtTg1_-y4jz4ptJBmI9gQmbjSQnNGng/IMG_20190730_134501.jpg,,Farm
29,Day Creek Organic Farms,PSFH,https://store.pugetsoundfoodhub.com/Producer/b842a02d-69a6-42a0-9981-3486de480526,https://lfmimages.blob.core.windows.net/400952-puget/meet-the-producers/b842a02d-69a6-42a0-9981-3486de480526/producerImg1.jpeg,,Farm
30,Deluge Farms,WMGC,http://delugefarm.com/,https://images.squarespace-cdn.com/content/v1/58ab5c7617bffc6029e04e46/1491422378001-KX2YCTFGRG0Y32CSP9WY/ke17ZwdGBToddI8pDm48kDEDYh4Y0JGhR6hzuwcJ44gUqsxRUqqbr1mOJYKfIPR7LoDQ9mXPOjoJoqy81S2I8N_N4V1vUb5AoIIIbLZhVYxCRW4BPu10St3TBAUQYVKcz6bs2FkMoqlrQIzq4g5ogDqXr_T7rMikH_TfPkEE4wwzGwe9KEhUq6A0DxOZf-75/Deluge+Farm.jpg,https://images.squarespace-cdn.com/content/v1/58ab5c7617bffc6029e04e46/1491421747315-PH66E7KALXL4ZPHPJJHB/ke17ZwdGBToddI8pDm48kGdAA-pubVbkDIw2FrQivF9Zw-zPPgdn4jUwVcJE1ZvWQUxwkmyExglNqGp0IvTJZUJFbgE-7XRK3dMEBRBhUpyqi3Oens3zsKpeFzLFj-btB4DY_wGuUKhzuW_DyuxwrTY8ehbWY2FGs7Ju1oD8_2c/Deluge+Logo.png,Farm
31,Dixon Melons,WMGC,http://dixonmelons.com/,https://images.squarespace-cdn.com/content/v1/58ab5c7617bffc6029e04e46/1491423044303-W45JVW1IY3VWYQN5FGEM/ke17ZwdGBToddI8pDm48kPZjswWEEM1xUlE2nw_1gDZZw-zPPgdn4jUwVcJE1ZvWEtT5uBSRWt4vQZAgTJucoTqqXjS3CfNDSuuf31e0tVFEypcWtVdAnmHnO4a1hPNGKftICS8WvBaaDvL8dARr2lYCOBSuh7_iz0ZUXSA5sds/Dixon+Melon+1.jpg,,Farm
32,Dude's Organic Farm,WMGC,http://www.dudesorganicfarm.com/,https://images.squarespace-cdn.com/content/v1/58ab5c7617bffc6029e04e46/1495035216834-3AUXK65H031ZDEC6PAU3/ke17ZwdGBToddI8pDm48kAHWeGNrnTNuaaRsQC5iQLWLPZHY9930KFuik00L7GzBKdq8kyNB6kzmmlKIayPDyP2t63aHWkMIQdtLKKvU3kzXpPDBXeB2C1aoJXa6Jv2bCjLISwBs8eEdxAxTptZAUg/IMG_0039.JPG,,Farm
33,E.G.A. Farms,LINC,https://www.localharvest.org/e-g-a-farms-M65684,https://images.squarespace-cdn.com/content/v1/52f151aee4b0cbd3eeceb3c9/1574454873860-49ZGIV9L29JJU0GRGB3Z/ke17ZwdGBToddI8pDm48kF86JGEj8i24gNbObl3pjhB7gQa3H78H3Y0txjaiv_0fDoOvxcdMmMKkDsyUqMSsMWxHk725yiiHCCLfrh8O1z5QPOohDIaIeljMHgDF5CVlOqpeNLcJ80NK65_fV7S1UcH4S-byvuv6egzKS6PCNRhxO0X6vmkYNlOXAxa6ZN8RoRwB-dUGsSquCnVTFQcaRg/Screenshot_20190808-135403.png,,Farm
34,Elithorp Farm,LINC,http://www.elithorpfarm.com/,https://images.squarespace-cdn.com/content/v1/52f151aee4b0cbd3eeceb3c9/1575999565469-8HSZ1ZV7CKNFFAQ4D0X5/ke17ZwdGBToddI8pDm48kHFnmntegnVXpN4y4ldn3ixZw-zPPgdn4jUwVcJE1ZvWQUxwkmyExglNqGp0IvTJZUJFbgE-7XRK3dMEBRBhUpxco7Gi2cI2YfBk8ZWdc_m6Xcr86dXh8TsiE3NyioNRZj9sD37Ved1vsRvl2h0UxBw/-5169403097674643774.jpg,,Farm
35,Elk Creek Colony,WMGC,https://www.wmgcoop.com/elk-creek-colony,https://images.squarespace-cdn.com/content/v1/58ab5c7617bffc6029e04e46/1552927521302-7VRACZ6J2LEQVP18YSO9/ke17ZwdGBToddI8pDm48kPmLlvCIXgndBxNq9fzeZb1Zw-zPPgdn4jUwVcJE1ZvWQUxwkmyExglNqGp0IvTJZamWLI2zvYWH8K3-s_4yszcp2ryTI0HqTOaaUohrI8PIFMLRh9LbupWL4Bv1SDYZc4lRApws2Snwk0j_RSxbNHMKMshLAGzx4R3EDFOm1kBS/Elk-Creek-Colony.jpg,,Farm
36,Fairhaven Organic Mill,PSFH,http://fairhavenflour.com/,https://cdn.shopify.com/s/files/1/0293/8073/9116/collections/dried-grass-under-dusk-wallpaper-preview_300x.jpg,https://lfmimages.blob.core.windows.net/400952-puget/meet-the-producers/9f9d70eb-b07e-41a1-bf88-70d1be245ebb/pThumbnail.jpeg,Producer
37,Fertile Valley Farm & Gardens,LINC,https://www.facebook.com/FertileValleyFarmandGardens/,https://images.squarespace-cdn.com/content/v1/52f151aee4b0cbd3eeceb3c9/1575309710171-D9Z9KOWWJFONID2417SR/ke17ZwdGBToddI8pDm48kDHPSfPanjkWqhH6pl6g5ph7gQa3H78H3Y0txjaiv_0fDoOvxcdMmMKkDsyUqMSsMWxHk725yiiHCCLfrh8O1z4YTzHvnKhyp6Da-NYroOW3ZGjoBKy3azqku80C789l0mwONMR1ELp49Lyc52iWr5dNb1QJw9casjKdtTg1_-y4jz4ptJBmI9gQmbjSQnNGng/IMG_20191122_085848.jpg,,Farm
38,Filaree Garlic Farm,LINC,https://www.filareefarm.com/,https://images.squarespace-cdn.com/content/v1/52f151aee4b0cbd3eeceb3c9/1574454966522-1LO1TUY4JP9LNGUGY7E9/ke17ZwdGBToddI8pDm48kPmLlvCIXgndBxNq9fzeZb1Zw-zPPgdn4jUwVcJE1ZvWQUxwkmyExglNqGp0IvTJZamWLI2zvYWH8K3-s_4yszcp2ryTI0HqTOaaUohrI8PIFMLRh9LbupWL4Bv1SDYZc4lRApws2Snwk0j_RSxbNHMKMshLAGzx4R3EDFOm1kBS/sweet+potatoes+in+ground.jpg,,Farm
39,First Cut Farm,PSFH,https://store.pugetsoundfoodhub.com/Producer/3e4dfa37-3f64-4fa5-8176-d09ad4e6c5ad,,,Farm
40,Five Fox Farm,WMGC,https://www.wmgcoop.com/five-fox-farms,https://images.squarespace-cdn.com/content/v1/58ab5c7617bffc6029e04e46/1491423664156-BORZ8KSG0C4DWDGOT1LA/ke17ZwdGBToddI8pDm48kL3VKmwKI3leYB51VJjLFB8UqsxRUqqbr1mOJYKfIPR7LoDQ9mXPOjoJoqy81S2I8N_N4V1vUb5AoIIIbLZhVYxCRW4BPu10St3TBAUQYVKcgK5SGg9Ovb1yloBBOHcruw_mYLfAhRzzgArFCB07Dw0L8n4JypuoE5Tg6Wg5Oyvs/image-asset.jpeg,,Farm
41,Flathead Lake Cheese,WMGC,http://www.flatheadlakecheese.com/,https://images.squarespace-cdn.com/content/v1/58ab5c7617bffc6029e04e46/1495037057999-K98OXEJAN8J2ZG06BCI0/ke17ZwdGBToddI8pDm48kL3VKmwKI3leYB51VJjLFB8UqsxRUqqbr1mOJYKfIPR7LoDQ9mXPOjoJoqy81S2I8N_N4V1vUb5AoIIIbLZhVYxCRW4BPu10St3TBAUQYVKcgK5SGg9Ovb1yloBBOHcruw_mYLfAhRzzgArFCB07Dw0L8n4JypuoE5Tg6Wg5Oyvs/Wendi+and+Joe.JPG,https://images.squarespace-cdn.com/content/v1/58ab5c7617bffc6029e04e46/1491424529190-4Z65IZZGVTTG767GSG79/ke17ZwdGBToddI8pDm48kHqYAt3UgyjNg-0dlUc4K5hZw-zPPgdn4jUwVcJE1ZvWhcwhEtWJXoshNdA9f1qD7Xj1nVWs2aaTtWBneO2WM-usDBND3CLj2EJ5friVaES_YnxFv1gFf0Nb6hpwGkIZgQ/FLC+logo.jpg,Producer
42,Fleming Family Farm,LINC,https://flemingfamily.farm/,https://images.squarespace-cdn.com/content/v1/52f151aee4b0cbd3eeceb3c9/1575322652311-5X2BB6T39X9D34F8S7BL/ke17ZwdGBToddI8pDm48kFTEgwhRQcX9r3XtU0e50sUUqsxRUqqbr1mOJYKfIPR7LoDQ9mXPOjoJoqy81S2I8N_N4V1vUb5AoIIIbLZhVYxCRW4BPu10St3TBAUQYVKcW7uEhC96WQdj-SwE5EpM0lAopPba9ZX3O0oeNTVSRxdHAmtcci_6bmVLoSDQq_pb/-2861587534017244405.jpg,,Farm
43,Footehills Farm,LINC,https://www.footehillsfarm.net/,https://images.squarespace-cdn.com/content/v1/52f151aee4b0cbd3eeceb3c9/1574462818978-V2NDCPVD39FV3Z1S0HEL/ke17ZwdGBToddI8pDm48kK60W-ob1oA2Fm-j4E_9NQB7gQa3H78H3Y0txjaiv_0fDoOvxcdMmMKkDsyUqMSsMWxHk725yiiHCCLfrh8O1z4YTzHvnKhyp6Da-NYroOW3ZGjoBKy3azqku80C789l0kD6Ec8Uq9YczfrzwR7e2Mh5VMMOxnTbph8FXiclivDQnof69TlCeE0rAhj6HUpXkw/0617191051a.jpg,,Farm
44,Foothill Farm,WMGC,https://www.wmgcoop.com/foothill-farm,https://images.squarespace-cdn.com/content/v1/58ab5c7617bffc6029e04e46/1588016240351-RS7WPJDMJJ6KBVRS0TGH/ke17ZwdGBToddI8pDm48kDy_MNA6ibH11I468aiVR9R7gQa3H78H3Y0txjaiv_0fDoOvxcdMmMKkDsyUqMSsMWxHk725yiiHCCLfrh8O1z5QPOohDIaIeljMHgDF5CVlOqpeNLcJ80NK65_fV7S1UfYCWMw0fqBZMxr4hi3TpblJt1DIW5hRfVS5mO3ve_HqiNuCulDNLYPXCy8JiF59IQ/pavlock.jpg,https://images.squarespace-cdn.com/content/v1/58ab5c7617bffc6029e04e46/1499454077774-KKKHD2QA4STMNLOL5CPD/ke17ZwdGBToddI8pDm48kDG5JqBeZfxnlalfIioMD8xZw-zPPgdn4jUwVcJE1ZvWEtT5uBSRWt4vQZAgTJucoTqqXjS3CfNDSuuf31e0tVFVpHqOWqWeoVaBPZfBqLhbZ8LIcKlQqNIjM42nRmIwc5xHP--Ezx4AqAHs_4tx7C0/toms.jpg,Farm
45,Forbidden Fruit Orchard,WMGC,https://www.wmgcoop.com/forbidden-fruit,https://images.squarespace-cdn.com/content/v1/58ab5c7617bffc6029e04e46/1491426350456-EV0VNBWU6TV2U0H4Y2ZM/ke17ZwdGBToddI8pDm48kEbepzduzyzM6z1uYMsX9pQUqsxRUqqbr1mOJYKfIPR7LoDQ9mXPOjoJoqy81S2I8N_N4V1vUb5AoIIIbLZhVYxCRW4BPu10St3TBAUQYVKc0VjHTqBcw-CWTv3N3d4e3IxtspB3YuP_8TdCx6D7KzEv9JD7Xyrrv41zX1aU0nw2/paradise.jpg,https://images.squarespace-cdn.com/content/v1/58ab5c7617bffc6029e04e46/1491425992622-MH4TT41WF73LUZ69JQ10/ke17ZwdGBToddI8pDm48kHfu26C3UNX0ni59RXgj6-9Zw-zPPgdn4jUwVcJE1ZvWhcwhEtWJXoshNdA9f1qD7XaGPskfQtVutuSA2B-JW6xcd3914cvaBYLrX3XvnAMctNzyt16p09NDJ7x9rEcqYA/Forbidden-Fruit-Orchard-logo-web-site.png,Farm
46,Fourth Wave Farm,WMGC,https://www.wmgcoop.com/fourth-wave-farm,https://images.squarespace-cdn.com/content/v1/58ab5c7617bffc6029e04e46/1495062471725-HFE23Q74KT44EWN0GYKU/ke17ZwdGBToddI8pDm48kOTMlWjtzGLFGIEgNvPbx_EUqsxRUqqbr1mOJYKfIPR7LoDQ9mXPOjoJoqy81S2I8N_N4V1vUb5AoIIIbLZhVYxCRW4BPu10St3TBAUQYVKcPaJ58MkSAasMqx2VtCuuHd2JqTheiAyS-MamgQrTO_cvkZgue9BtWba1jl-YltaT/Basil-Featured.jpg,,Farm
47,Fresh Roots Farm,WMGC,https://www.wmgcoop.com/fresh-roots-farm,https://images.squarespace-cdn.com/content/v1/58ab5c7617bffc6029e04e46/1495038520022-E9D340ICNOIUSXCX8RZF/ke17ZwdGBToddI8pDm48kGh_-VQgorphTEz_ApDRXVJZw-zPPgdn4jUwVcJE1ZvWEtT5uBSRWt4vQZAgTJucoTqqXjS3CfNDSuuf31e0tVFlGn6lN-g1jqW_Fyv-iOPK5BCSoSP2mee2SOL2rwIFVUWOW8hgl4jPfejttcjVcig/fresh+roots.jpg,https://images.squarespace-cdn.com/content/v1/58ab5c7617bffc6029e04e46/1495554157582-A0KKF1GN5842TE5NRDTR/ke17ZwdGBToddI8pDm48kPitFZfqOOToAmiAf6CvVZpZw-zPPgdn4jUwVcJE1ZvWQUxwkmyExglNqGp0IvTJZUJFbgE-7XRK3dMEBRBhUpwBmXldqKahQLAnLxDoeJJUDO8yNV6BWNY_LMfPzSBDIHEPFHg_-PzWGzqQebczFf8/Fresh+Roots.png,Farm
48,Front Street Fungi,WMGC,http://www.frontstreetfungi.com/,https://images.squarespace-cdn.com/content/v1/58ab5c7617bffc6029e04e46/1552924772990-4SAVMV67XZ5QWQ5VX3C2/ke17ZwdGBToddI8pDm48kFHK5F05TKII8wHIBW7w8gAUqsxRUqqbr1mOJYKfIPR7LoDQ9mXPOjoJoqy81S2I8N_N4V1vUb5AoIIIbLZhVYxCRW4BPu10St3TBAUQYVKcYN7DiKlGiPrn1MBagPgNAHfNXTR2q5LNhvBH2scApRCsl3Ws76a38LgXDiGxz0di/Fungi.jpg,https://images.squarespace-cdn.com/content/v1/58ab5c7617bffc6029e04e46/1552926511590-7S3SJPFQSZZPOMONEYOE/ke17ZwdGBToddI8pDm48kFUzSOcxg9jBSKBymeooojtZw-zPPgdn4jUwVcJE1ZvWEtT5uBSRWt4vQZAgTJucoTqqXjS3CfNDSuuf31e0tVGzOgWvVYuc2RyhWoypYzIOWuotVNRDX9RbWBUyvs2Ed_tMC5tpHWocEsGy_O4gyl0/FS%2BFUNGI%2BLOGO%2BV%2B%2528COLOR%2529.jpg,Farm
49,Full Bushel Farm,LINC,https://www.facebook.com/FullBushelFarmWA/,https://images.squarespace-cdn.com/content/v1/52f151aee4b0cbd3eeceb3c9/1575395920354-033N06NH5HS5D2JRYI1A/ke17ZwdGBToddI8pDm48kPaJNXjYPWg97kyA1YKquHJ7gQa3H78H3Y0txjaiv_0fDoOvxcdMmMKkDsyUqMSsMWxHk725yiiHCCLfrh8O1z5QPOohDIaIeljMHgDF5CVlOqpeNLcJ80NK65_fV7S1UUcjGgekb2Cl721ud2fFYkN3J9u7kogfdh3YOKkjACd97zs2yPjc1ECvpa5Zm_kMqw/Screenshot_20191203-095706.png,,Farm
50,Ginger Roots Farm,WMGC,https://www.wmgcoop.com/ginger-roots-farm,https://images.squarespace-cdn.com/content/v1/58ab5c7617bffc6029e04e46/1495039751851-5F2XNUILGL62MQ87WI4R/ke17ZwdGBToddI8pDm48kPHgPSpJs3pqpkUZU93_mvpZw-zPPgdn4jUwVcJE1ZvWQUxwkmyExglNqGp0IvTJZamWLI2zvYWH8K3-s_4yszcp2ryTI0HqTOaaUohrI8PInndiFr6ALsCf3uCDBRk4eJzsF3rQ925VZ6DZqxvBZkQKMshLAGzx4R3EDFOm1kBS/peas.jpg,https://images.squarespace-cdn.com/content/v1/58ab5c7617bffc6029e04e46/1499459877131-2S9389FN7VQRGY2ECU4U/ke17ZwdGBToddI8pDm48kGR0FfGr_Ov3TazuNGYGxWJZw-zPPgdn4jUwVcJE1ZvWQUxwkmyExglNqGp0IvTJZUJFbgE-7XRK3dMEBRBhUpzbpUi2RK2DlHwuJKo5ORVb2cUBfTrokV2CZh3kFw71ZPpTF-wQrAAgQqRyvuVnTMw/ginger-root.png,Farm
51,Girls Meet Dirt,PSFH,https://store.pugetsoundfoodhub.com/Producer/28c5ff55-10cf-4e8b-adee-ce24318d53f2,https://lfmimages.blob.core.windows.net/400952-puget/products/producers/28c5ff55-10cf-4e8b-adee-ce24318d53f2/producerImg1.jpeg,https://lfmimages.blob.core.windows.net/400952-puget/products/producers/28c5ff55-10cf-4e8b-adee-ce24318d53f2/pThumbnail.jpeg,Producer
52,Glacier Tilth,WMGC,https://www.glaciertilthfarm.com/,https://images.squarespace-cdn.com/content/v1/58ab5c7617bffc6029e04e46/1499453670789-RWH678WFUZE0L2BL8FZW/ke17ZwdGBToddI8pDm48kAf-OpKpNsh_OjjU8JOdDKBZw-zPPgdn4jUwVcJE1ZvWQUxwkmyExglNqGp0IvTJZUJFbgE-7XRK3dMEBRBhUpzAFzFJoCInLPKyj9AG8yKe7-Q2aFvP177fkO9TY_-rz5WoqqTEZpmj4yDEOdwKV68/image-asset.jpeg,https://images.squarespace-cdn.com/content/v1/58ab5c7617bffc6029e04e46/1499452818350-CSNKM38PEH8I185VF0OF/ke17ZwdGBToddI8pDm48kEvIfTNpSg5fODaKJLMr5e5Zw-zPPgdn4jUwVcJE1ZvWhcwhEtWJXoshNdA9f1qD7Xj1nVWs2aaTtWBneO2WM-tTm2o0QcuAlTvtOIxJl1QHIZOFajAfFFx6HDQxKUP-Fw/image-asset.jpeg,Farm
53,Golden Glen Creamery,PSFH,http://www.goldenglencreamery.com/,https://lfmimages.blob.core.windows.net/400952-puget/products/producers/5ff6f611-05f2-4d11-b5ff-2fa6cb560bbd/producerImg1.jpeg,https://lfmimages.blob.core.windows.net/400952-puget/products/producers/5ff6f611-05f2-4d11-b5ff-2fa6cb560bbd/pThumbnail.jpeg,Farm
54,Good Steward Farm,WMGC,https://www.wmgcoop.com/good-steward-farm,https://images.squarespace-cdn.com/content/v1/58ab5c7617bffc6029e04e46/1495041216646-PJFDP4PGYEVBOTUFUT0U/ke17ZwdGBToddI8pDm48kOXOg0warSk1TZoTIbWjpvxZw-zPPgdn4jUwVcJE1ZvWEtT5uBSRWt4vQZAgTJucoTqqXjS3CfNDSuuf31e0tVGYoWKEH_GXCdZ6WiLvKhRAhBRX0qeOLIrTCpLHJu8ZHzL48X6P1bdkVSAqCF2Qsrg/goodd+stew.jpg,,Farm
55,Gourmet Foragables & More,LINC,https://www.facebook.com/GourmetForagables/,https://images.squarespace-cdn.com/content/v1/52f151aee4b0cbd3eeceb3c9/1574462838717-1LUZGQ8W9Y2OO4VJDGE7/ke17ZwdGBToddI8pDm48kHFnmntegnVXpN4y4ldn3ixZw-zPPgdn4jUwVcJE1ZvWQUxwkmyExglNqGp0IvTJZUJFbgE-7XRK3dMEBRBhUpxco7Gi2cI2YfBk8ZWdc_m6Xcr86dXh8TsiE3NyioNRZj9sD37Ved1vsRvl2h0UxBw/Gourmet+Foragables.jpg,,Farm
56,Grace Harbor Farms,PSFH,http://www.graceharborfarms.com/,https://lfmimages.blob.core.windows.net/400952-puget/meet-the-producers/62234884-1889-42e8-bb4b-7011b4960756/producerImg2.jpeg,https://lfmimages.blob.core.windows.net/400952-puget/meet-the-producers/62234884-1889-42e8-bb4b-7011b4960756/pThumbnail.jpeg,Farm
57,Grateful Plate Farmstead,LINC,https://www.gratefulplatefarmstead.com/,https://images.squarespace-cdn.com/content/v1/52f151aee4b0cbd3eeceb3c9/1575309763253-NVC45T2UOPX8LPZI1239/ke17ZwdGBToddI8pDm48kPWaHKeZb5690QwvgnVF3MpZw-zPPgdn4jUwVcJE1ZvWEtT5uBSRWt4vQZAgTJucoTqqXjS3CfNDSuuf31e0tVEvvjXVXNKdbRMEU7_qcFKocDmhzLQeew5SWShBUIeMXmbSd6kfRtgWHgNMDgGnmDY/logo+linc+foods+square.png,,Farm
58,Greenblade Farm,WMGC,https://www.greenbladefarm.com/,https://images.squarespace-cdn.com/content/v1/58ab5c7617bffc6029e04e46/1495042069053-ERQETILCVRKAPSAC3MM3/ke17ZwdGBToddI8pDm48kPqJSAio1NKDvIK-wXfTDCUUqsxRUqqbr1mOJYKfIPR7LoDQ9mXPOjoJoqy81S2I8N_N4V1vUb5AoIIIbLZhVYxCRW4BPu10St3TBAUQYVKctat4yI_GXgyKWdpIBvF-IWA5lGEMbrHIWYNi-sCRoX57vI5ujPpgUo5nK-Ch5A7W/GreenBlade.png,,Farm
59,Growing Veterans,PSFH,,,,Farm
60,Happy Mountain Mushrooms,LINC,https://www.happymountainmushrooms.com/,"https://static.wixstatic.com/media/517263_65558bbbd7de4f9cbbf12b3942129bf0~mv2_d_3548_1689_s_2.jpg/v1/fill/w_980,h_495,al_r,q_85,usm_0.66_1.00_0.01/517263_65558bbbd7de4f9cbbf12b3942129bf0~mv2_d_3548_1689_s_2.webp",,Farm
61,Harlequin Produce,WMGC,http://www.harelquinorganicproduce.com/,https://images.squarespace-cdn.com/content/v1/58ab5c7617bffc6029e04e46/1495043200678-BOMSTNZWKYCWBEDE4UP6/ke17ZwdGBToddI8pDm48kPmLlvCIXgndBxNq9fzeZb1Zw-zPPgdn4jUwVcJE1ZvWQUxwkmyExglNqGp0IvTJZamWLI2zvYWH8K3-s_4yszcp2ryTI0HqTOaaUohrI8PIFMLRh9LbupWL4Bv1SDYZc4lRApws2Snwk0j_RSxbNHMKMshLAGzx4R3EDFOm1kBS/harlquin.jpg,https://images.squarespace-cdn.com/content/v1/58ab5c7617bffc6029e04e46/1492465479147-TTYXMT1MA4T9EPK6BLRV/ke17ZwdGBToddI8pDm48kHeVmR2l3tIkQlLXONYte_gUqsxRUqqbr1mOJYKfIPR7LoDQ9mXPOjoJoqy81S2I8N_N4V1vUb5AoIIIbLZhVYxCRW4BPu10St3TBAUQYVKcRUn_L5N_EA4hubcHB9zHuIsRuF4kgYxONQ41k-gpsnATDsERM5b_PQFGnUdV3EYb/harelquinlogo.jpg,Farm
62,Harmony Fields,PSFH,http://www.harmonyfields.com/,https://lfmimages.blob.core.windows.net/400952-puget/Producer_Profile_Photos/Harmony1.jpg,https://lfmimages.blob.core.windows.net/400952-puget/Producer_Profile_Photos/HarmonyFieldsLogo.jpg,Farm
63,Hayshaker Farm,LINC,http://www.hayshakerfarm.com/,https://images.squarespace-cdn.com/content/v1/52f151aee4b0cbd3eeceb3c9/1616173867652-ZV3PO5FUAWF7MAS3VDUN/ke17ZwdGBToddI8pDm48kFPha9-yEGML13yxXZ7EgYdZw-zPPgdn4jUwVcJE1ZvWQUxwkmyExglNqGp0IvTJZamWLI2zvYWH8K3-s_4yszcp2ryTI0HqTOaaUohrI8PImnsVBcxKkQWvhNuWbpKBJymcQA8RCZG4S-oKjBHJqsEKMshLAGzx4R3EDFOm1kBS/hayshaker.jpeg,,Farm
64,Hedlin Farms,PSFH,http://www.hedlinfarms.com/,https://www.hedlinfarms.com/wp-content/uploads/2019/06/fullsizeoutput_158a-1024x768.jpeg,https://lfmimages.blob.core.windows.net/400952-puget/Producer_Profile_Photos/Hedlin.jpg,Farm
65,Hidden Acres,LINC,https://hiddenacreswa.com/,"https://img1.wsimg.com/isteam/ip/15dcd42e-f0a2-43ac-9826-398fc891ef91/6237AE1D-9856-4967-A6C2-F2514D12E80A.jpg/:/cr=t:0%25,l:0%25,w:100%25,h:100%25/rs=h:1000,cg:true",,Farm
66,Highwater Farm,PSFH,http://wholewhirldance.wixsite.com/farmfit,https://lfmimages.blob.core.windows.net/400952-puget/Producer_Profile_Photos/Highwater.jpg,https://lfmimages.blob.core.windows.net/400952-puget/products/producers/41c85ef7-24fc-4bf1-bf04-9b436b53a2a2/pThumbnail.png,Farm
67,Hilltop Haven Farm,WMGC,https://www.wmgcoop.com/hilltop-haven,https://images.squarespace-cdn.com/content/v1/58ab5c7617bffc6029e04e46/1495043735940-7NB55J5BCPMLT00VPJNZ/ke17ZwdGBToddI8pDm48kG3zKbvSeiyK83VonJw1vY4UqsxRUqqbr1mOJYKfIPR7LoDQ9mXPOjoJoqy81S2I8N_N4V1vUb5AoIIIbLZhVYxCRW4BPu10St3TBAUQYVKcF2EyE_KmpxcZq4Kygad-sBpPsQDaTQWmRT6lsDAeVEGATlP9ZORxAehQBatWHMoU/saskatoon2.jpg,,Farm
68,Hima Farms,PSFH,http://himanursery.com/,https://lfmimages.blob.core.windows.net/400952-puget/products/producers/68810986-45d7-4d4f-a747-8e7f03943097/producerImg2.png,https://lfmimages.blob.core.windows.net/400952-puget/products/producers/68810986-45d7-4d4f-a747-8e7f03943097/pThumbnail.jpeg,Farm
69,Hirschel Heritage Farm,LINC,https://www.goodcarrots.com/,https://images.squarespace-cdn.com/content/v1/52f151aee4b0cbd3eeceb3c9/1575566638446-ZI01GHY40GFWOVAZ335U/ke17ZwdGBToddI8pDm48kAS67zzOqDQ3gmgQuDaEHBR7gQa3H78H3Y0txjaiv_0fDoOvxcdMmMKkDsyUqMSsMWxHk725yiiHCCLfrh8O1z5QHyNOqBUUEtDDsRWrJLTmaUzSiviepfuOufnJa7SEDb2chgD6ouMO0vWkTI6q_48Es5HCeK7XwbB4gcbhlsOE/HHF%2BCover%2BPic.jpg,,Farm
70,Holmquist Hazelnut Orchards,PSFH,http://www.holmquisthazelnuts.com/,https://lfmimages.blob.core.windows.net/400952-puget/Producer_Profile_Photos/Moving_Nut_Totes.jpg,https://lfmimages.blob.core.windows.net/400952-puget/Producer_Profile_Photos/Holmquist_color-logo1.jpg,Farm
71,Home Acres Orchard,WMGC,https://www.wmgcoop.com/home-acres-orchard,https://images.squarespace-cdn.com/content/v1/58ab5c7617bffc6029e04e46/1495044078896-T8OW1BUU25SJK9AKZL94/ke17ZwdGBToddI8pDm48kLssjlKknRvtosNgVsvNROxZw-zPPgdn4jUwVcJE1ZvWQUxwkmyExglNqGp0IvTJZamWLI2zvYWH8K3-s_4yszcp2ryTI0HqTOaaUohrI8PIG1VZwAhmLg2GM-I_6X7gkbTSyhlbhl2jG0-dVhe1isUKMshLAGzx4R3EDFOm1kBS/home+acres+orchard.jpg,,Farm
72,Hopewell Farm,PSFH,https://store.pugetsoundfoodhub.com/Producer/5bf483f8-f948-4a7b-a38c-b6b00b2b5937,https://lfmimages.blob.core.windows.net/400952-puget/Producer_Profile_Photos/Hopewell.jpg,https://lfmimages.blob.core.windows.net/400952-puget/Producer_Profile_Photos/Hopewell_Farm.jpg,Farm
73,Hunters Moon Farm,PSFH,http://huntersmoonorganics.com/,https://lfmimages.blob.core.windows.net/400952-puget/Producer_Profile_Photos/HuntersMoonSm.jpg,https://lfmimages.blob.core.windows.net/400952-puget/Producer_Profile_Photos/HUNTER_MOON_LOGO_color.jpg,Farm
74,Icebox Flats Farm,LINC,http://iceboxflatsfarm.com/,https://images.squarespace-cdn.com/content/v1/52f151aee4b0cbd3eeceb3c9/1575486975735-MFGPY4ANMF855XBVAGOP/ke17ZwdGBToddI8pDm48kNaAwM_9JJpcnGhwjUE1PKBZw-zPPgdn4jUwVcJE1ZvWQUxwkmyExglNqGp0IvTJZamWLI2zvYWH8K3-s_4yszcp2ryTI0HqTOaaUohrI8PIIWOFqGZOTYShvIDGPV0BTKX3wnlnsRhUGJHu3rBeNKIKMshLAGzx4R3EDFOm1kBS/IMG_1147-Sam-Cattle-Summer-South-Pasture.jpg,,Farm
75,Iggy's,PSFH,http://www.iggys.com/,https://lfmimages.blob.core.windows.net/400952-puget/products/producers/15350417-e2b4-4048-9818-6095604de936/producerImg1.jpeg,https://lfmimages.blob.core.windows.net/400952-puget/products/producers/15350417-e2b4-4048-9818-6095604de936/pThumbnail.jpeg,Producer
76,In Cider Trading Farm,LINC,https://lincfoods.localfoodmarketplace.com/Producer/3607da44-9811-4c1d-858b-71e0c6027d17,https://images.squarespace-cdn.com/content/v1/52f151aee4b0cbd3eeceb3c9/1574873149906-JB1WKHIXZAILJUWE7CV7/ke17ZwdGBToddI8pDm48kK60W-ob1oA2Fm-j4E_9NQB7gQa3H78H3Y0txjaiv_0fDoOvxcdMmMKkDsyUqMSsMWxHk725yiiHCCLfrh8O1z4YTzHvnKhyp6Da-NYroOW3ZGjoBKy3azqku80C789l0kD6Ec8Uq9YczfrzwR7e2Mh5VMMOxnTbph8FXiclivDQnof69TlCeE0rAhj6HUpXkw/InCider+Trading+Farm.JPG,,Farm
77,Jackson Farm,LINC,https://lincfoods.localfoodmarketplace.com/Producer/fa712ff2-d823-4d95-ba65-49ac1e0e917f,https://lfmimages.blob.core.windows.net/400952-lincfoods/meet-the-producers/fa712ff2-d823-4d95-ba65-49ac1e0e917f/pThumbnail.jpeg,,Farm
78,Joseph's Grainery,LINC,http://www.josephsgrainery.com/,https://images.squarespace-cdn.com/content/v1/52f151aee4b0cbd3eeceb3c9/1574463401127-ZT5CZUIREVF9B5PC0GA9/ke17ZwdGBToddI8pDm48kLkXF2pIyv_F2eUT9F60jBl7gQa3H78H3Y0txjaiv_0fDoOvxcdMmMKkDsyUqMSsMWxHk725yiiHCCLfrh8O1z4YTzHvnKhyp6Da-NYroOW3ZGjoBKy3azqku80C789l0iyqMbMesKd95J-X4EagrgU9L3Sa3U8cogeb0tjXbfawd0urKshkc5MgdBeJmALQKw/2019-0708+Linc+Malt-11.jpg,,Farm
79,Klesick Family Farm,PSFH,http://www.klesickfarms.com/,https://lfmimages.blob.core.windows.net/400952-puget/Producer_Profile_Photos/klesickbeefcows.jpg,https://lfmimages.blob.core.windows.net/400952-puget/Producer_Profile_Photos/KlesickLogoSq.jpeg,Farm
80,Kowitz Family Farm,LINC,https://lincfoods.localfoodmarketplace.com/Producer/db6ff3bf-53c8-41f1-a834-293e173f25c5,https://images.squarespace-cdn.com/content/v1/52f151aee4b0cbd3eeceb3c9/1575486792302-ZVGWFWMHS9WQ1QGYJ5BN/ke17ZwdGBToddI8pDm48kAq-Z15pNVDyv8z6NfL7lRx7gQa3H78H3Y0txjaiv_0fDoOvxcdMmMKkDsyUqMSsMWxHk725yiiHCCLfrh8O1z5QPOohDIaIeljMHgDF5CVlOqpeNLcJ80NK65_fV7S1UddAE68uiW_opxARGa4TB2MtbYu74I_LHGd5ikAVbCjSq8rNW0VrPLbSEU7CpjgriQ/20191123_154213.jpg,,Farm
81,Lazy R Ranch,LINC,http://www.lazyrbeef.com/,https://images.squarespace-cdn.com/content/v1/52f151aee4b0cbd3eeceb3c9/1574462856447-RA4A42HFNAUOJ3K391LE/ke17ZwdGBToddI8pDm48kJoYEb5S8OhMLjKh6plxP457gQa3H78H3Y0txjaiv_0fDoOvxcdMmMKkDsyUqMSsMWxHk725yiiHCCLfrh8O1z5QHyNOqBUUEtDDsRWrJLTmQPoRzxSr1hzN-vPBHt7YyNobfn3lQW19A4S7jdttn8pGGlHiDaNzPkNjwUfhD5bM/Edit+%285+of+13%29.jpg,,Farm
82,Lazy Squirrel Nut Farm,PSFH,https://lazysquirrelnutfarm.com/,https://lfmimages.blob.core.windows.net/400952-puget/products/producers/05c00f45-c6a3-4b5a-9752-54c5e1dceca5/producerImg1.jpeg,https://lfmimages.blob.core.windows.net/400952-puget/products/producers/05c00f45-c6a3-4b5a-9752-54c5e1dceca5/pThumbnail.jpeg,Farm
83,Lifeline Farm,WMGC,https://www.wmgcoop.com/lifeline-farm,https://images.squarespace-cdn.com/content/v1/58ab5c7617bffc6029e04e46/1495045914154-AO1G5BCCONIPPBE08SGH/ke17ZwdGBToddI8pDm48kDHPSfPanjkWqhH6pl6g5ph7gQa3H78H3Y0txjaiv_0fDoOvxcdMmMKkDsyUqMSsMWxHk725yiiHCCLfrh8O1z4YTzHvnKhyp6Da-NYroOW3ZGjoBKy3azqku80C789l0mwONMR1ELp49Lyc52iWr5dNb1QJw9casjKdtTg1_-y4jz4ptJBmI9gQmbjSQnNGng/20170427_094258_001.jpg,https://images.squarespace-cdn.com/content/v1/58ab5c7617bffc6029e04e46/1492465591127-DWUEWKVW461RBPROZNQP/ke17ZwdGBToddI8pDm48kE8JYcDokaOJj4SVP6opwFlZw-zPPgdn4jUwVcJE1ZvWhcwhEtWJXoshNdA9f1qD7TjHkaYfD5WE2gtMQ4su2XpX40em6_dD-dMXvR2BIWaTpum5Xl6h0Zqz-IATGFWGNQ/lifeline.png,Farm
84,Lifeline Produce,WMGC,https://www.wmgcoop.com/lifeline-produce,https://images.squarespace-cdn.com/content/v1/58ab5c7617bffc6029e04e46/1495046100455-DCDM444CI7F2HMQOGKSK/ke17ZwdGBToddI8pDm48kPrp3MSVuqDCkps8qQzfbEdZw-zPPgdn4jUwVcJE1ZvWEtT5uBSRWt4vQZAgTJucoTqqXjS3CfNDSuuf31e0tVFdHwiAwSUG-tEJ0mqcPsc12qOZl7lQ63JdKktZQEUnBq-6DNwDUm-Ixe6kVatzsmI/LLpro.jpg,https://images.squarespace-cdn.com/content/v1/58ab5c7617bffc6029e04e46/1492465621361-UC1HYIAIZYI6WQV6F5D1/ke17ZwdGBToddI8pDm48kN_nhuc2jtYftkhDJVBqz29Zw-zPPgdn4jUwVcJE1ZvWhcwhEtWJXoshNdA9f1qD7Xj1nVWs2aaTtWBneO2WM-sGp3GuvDyHmlAc4o5n_WRCI6MOrp0BXPn34HdgUXizeg/lifeline+produce.jpeg,Farm
85,LINC Foods,,http://www.lincfoods.com/,https://images.squarespace-cdn.com/content/v1/52f151aee4b0cbd3eeceb3c9/1575917155195-BUOLGRSPWUTHWAA4GBFP/ke17ZwdGBToddI8pDm48kOvxVoXD4ZVZFus-EFEI_r57gQa3H78H3Y0txjaiv_0fDoOvxcdMmMKkDsyUqMSsMWxHk725yiiHCCLfrh8O1z4YTzHvnKhyp6Da-NYroOW3ZGjoBKy3azqku80C789l0tb-hnCqoepq4X8c1traqO_1V7uOzC_wWK9E6lOhfO-_Yz_PjeAyhVGVeWceby15og/IMG_20190718_211638_2.jpg,http://static1.squarespace.com/static/52f151aee4b0cbd3eeceb3c9/t/5dd5d7a27682192c9d7fabe1/1616779387483/,Hub
86,Living Rain Farm,PSFH,https://store.pugetsoundfoodhub.com/Producer/2179b9d0-2147-47ea-bbcf-f7453bfc3c46,https://lfmimages.blob.core.windows.net/400952-puget/Producer_Profile_Photos/johndv2.jpg,,Farm
87,Lone Mountain Farms,LINC,https://lonemountainfarms.com/,https://images.squarespace-cdn.com/content/v1/52f151aee4b0cbd3eeceb3c9/1575395122027-NWP71JNLA5EOYISFTZ9A/ke17ZwdGBToddI8pDm48kDHPSfPanjkWqhH6pl6g5ph7gQa3H78H3Y0txjaiv_0fDoOvxcdMmMKkDsyUqMSsMWxHk725yiiHCCLfrh8O1z4YTzHvnKhyp6Da-NYroOW3ZGjoBKy3azqku80C789l0mwONMR1ELp49Lyc52iWr5dNb1QJw9casjKdtTg1_-y4jz4ptJBmI9gQmbjSQnNGng/IMG_20180621_074752.jpg,,Farm
88,Lopez Island Creamery,PSFH,http://www.lopezislandcreamery.com/,https://lfmimages.blob.core.windows.net/400952-puget/products/producers/803ad471-7a81-4a64-9e40-8b7c58769be7/producerImg2.jpeg,https://lfmimages.blob.core.windows.net/400952-puget/products/producers/803ad471-7a81-4a64-9e40-8b7c58769be7/pThumbnail.jpeg,Producer
89,Lost Peacock Creamery,PSFH,https://www.lostpeacock.com/,https://images.squarespace-cdn.com/content/v1/5a4b0ec7010027fd0625f873/1537468593706-4DF2J7S2QUWHZMSUK21I/ke17ZwdGBToddI8pDm48kPYFsn1f77mmCOoy9kkyrXlZw-zPPgdn4jUwVcJE1ZvWQUxwkmyExglNqGp0IvTJZamWLI2zvYWH8K3-s_4yszcp2ryTI0HqTOaaUohrI8PIsjtRGmUpV4cGuW6dWPP9jXvgQBkRCF0dn8yjsAqR4mAKMshLAGzx4R3EDFOm1kBS/LostPeacockcCreamery.jpg,https://lfmimages.blob.core.windows.net/400952-puget/meet-the-producers/977f592d-0275-42c2-bb2a-758403be3a40/pThumbnail.jpeg,Farm
90,Lowdown Farm,WMGC,https://www.wmgcoop.com/lowdown-farm,https://images.squarespace-cdn.com/content/v1/58ab5c7617bffc6029e04e46/1495075985532-ARI1HIUYUEIMOZZFFZAD/ke17ZwdGBToddI8pDm48kMQs2m2ijENlnRCI35T13wF7gQa3H78H3Y0txjaiv_0fDoOvxcdMmMKkDsyUqMSsMWxHk725yiiHCCLfrh8O1z5QPOohDIaIeljMHgDF5CVlOqpeNLcJ80NK65_fV7S1Ub5ubGHAWffUu4MtqgiyXoMmZa5A09w6H1YHqMo5pQJAIHGt97KZ1R7fzmJ85l_8Gw/lowdown.jpg,https://images.squarespace-cdn.com/content/v1/58ab5c7617bffc6029e04e46/1495076203904-443XI4W4VWTBN07014XF/ke17ZwdGBToddI8pDm48kPg3kkMSlDqGprD-21e6kCJZw-zPPgdn4jUwVcJE1ZvWQUxwkmyExglNqGp0IvTJZamWLI2zvYWH8K3-s_4yszcp2ryTI0HqTOaaUohrI8PIpppx-FWaxK7i6rVdWZNGy6SGN0ZVlswpj22aI6j1zesKMshLAGzx4R3EDFOm1kBS/lowdown.png,Farm
91,Lummi Island Wild Co-Op,PSFH,http://www.lummiislandwild.com/,https://lfmimages.blob.core.windows.net/400952-puget/Producer_Profile_Photos/hills20130830-reefnet-194.jpg,https://lfmimages.blob.core.windows.net/400952-puget/Producer_Profile_Photos/Lummi_Island_Wild.jpg,Farm
92,Mama Bird Farm,PSFH,http://www.mamabirdfarm.com/,https://lfmimages.blob.core.windows.net/400952-puget/Producer_Profile_Photos/MamaBird1.jpg,https://lfmimages.blob.core.windows.net/400952-puget/Producer_Profile_Photos/MamabirdLogoSq.jpeg,Farm
93,McKerracher Family Farm,LINC,https://www.mckerracherfamilyfarm.com/,https://images.squarespace-cdn.com/content/v1/52f151aee4b0cbd3eeceb3c9/1575322883563-4LKGFJORDCLGOZ6Q949B/ke17ZwdGBToddI8pDm48kCPztTQZpDiZMOuuCfUxiyx7gQa3H78H3Y0txjaiv_0fDoOvxcdMmMKkDsyUqMSsMWxHk725yiiHCCLfrh8O1z5QPOohDIaIeljMHgDF5CVlOqpeNLcJ80NK65_fV7S1UYlQ-m0oNUh_9buvyC-f1CSdhG_dNlqULB2ZTz-ses64A-QPhXXvNcU0N8wN7BGx0g/7407631974417587131.jpg,,Farm
94,Mission Mountain Food Enterprise Center,WMGC,https://www.wmgcoop.com/mission-mountain-organic-eggs,https://images.squarespace-cdn.com/content/v1/58ab5c7617bffc6029e04e46/1495047012175-DGHTRUT1G4EG7BOYR4WC/ke17ZwdGBToddI8pDm48kAvjv6tW_eojYQmNU0ncbllZw-zPPgdn4jUwVcJE1ZvWEtT5uBSRWt4vQZAgTJucoTqqXjS3CfNDSuuf31e0tVE_VY_cglP6yityajqrIbVfw3TjDuHzK94NrGguHYhX4kv4GTirjbzL979ZUwirIkM/mmoe.jpg,,Producer
95,Mission Mountain Organic Eggs,WMGC,https://www.wmgcoop.com/mmfec,https://images.squarespace-cdn.com/content/v1/58ab5c7617bffc6029e04e46/1495046921343-F4XHJSGTOSUJRK28GH6T/ke17ZwdGBToddI8pDm48kAvjv6tW_eojYQmNU0ncbllZw-zPPgdn4jUwVcJE1ZvWEtT5uBSRWt4vQZAgTJucoTqqXjS3CfNDSuuf31e0tVE332MBvJuBaoVGHWBsXid-27Ic7WAr5wpT7eU_CUG9UJu3E9Ef3XsXP1C_826c-iU/mmfec.png,https://images.squarespace-cdn.com/content/v1/58ab5c7617bffc6029e04e46/1492465783824-HV3AUECTWH5DBLRSCDMN/ke17ZwdGBToddI8pDm48kCEWk_L091gZMdOAzpxbowlZw-zPPgdn4jUwVcJE1ZvWQUxwkmyExglNqGp0IvTJZamWLI2zvYWH8K3-s_4yszcp2ryTI0HqTOaaUohrI8PIqhVL47Rtc6w21iurEg1MRbQq7GUH7FtQWjOpNHVwg5gKMshLAGzx4R3EDFOm1kBS/Mission+Eggs.jpg,Farm
96,Misty Meadows Farm,PSFH,http://www.mistymeadowsfarm.com/,https://lfmimages.blob.core.windows.net/400952-puget/products/producers/f3e10bca-7077-4c00-8b26-a85b2c44f8f5/producerImg1.jpeg,https://lfmimages.blob.core.windows.net/400952-puget/products/producers/f3e10bca-7077-4c00-8b26-a85b2c44f8f5/pThumbnail.jpeg,Farm
97,Moss Farm,WMGC,https://www.wmgcoop.com/moss-farm,https://images.squarespace-cdn.com/content/v1/58ab5c7617bffc6029e04e46/1495047227760-TDA067UYLQO74YKZOYRP/ke17ZwdGBToddI8pDm48kE8yxsSksRSefg6ioy4KChZ7gQa3H78H3Y0txjaiv_0fDoOvxcdMmMKkDsyUqMSsMWxHk725yiiHCCLfrh8O1z5QPOohDIaIeljMHgDF5CVlOqpeNLcJ80NK65_fV7S1UXzzkuefK6fb-HlJHYKJrvTi1o3fDDI-7HzRZvexCTOg82F3Ov_h6WZ0NKHBDu7kqQ/moss+farm.jpg,https://images.squarespace-cdn.com/content/v1/58ab5c7617bffc6029e04e46/1494988689732-CKNB83WZ2FI6TWIOWW0Q/ke17ZwdGBToddI8pDm48kBtluIC4l0aMqtYDQfDehvtZw-zPPgdn4jUwVcJE1ZvWEtT5uBSRWt4vQZAgTJucoTqqXjS3CfNDSuuf31e0tVHC0HCTxVGEHNP27eV9Y4d_4EtkZIO_mRve64WUtaqgjiLUlHnx6JkqnHYam5TPq-c/Moss+Logo.jpg,Farm
98,Mossy Gate Flower Farm,PSFH,http://www.mossygateflowerfarm.com/,https://images.squarespace-cdn.com/content/v1/5c887ab77980b36aafd6e495/1583542986738-B1FMKX0BRCHSQS9S2HH8/ke17ZwdGBToddI8pDm48kLkXF2pIyv_F2eUT9F60jBl7gQa3H78H3Y0txjaiv_0fDoOvxcdMmMKkDsyUqMSsMWxHk725yiiHCCLfrh8O1z4YTzHvnKhyp6Da-NYroOW3ZGjoBKy3azqku80C789l0iyqMbMesKd95J-X4EagrgU9L3Sa3U8cogeb0tjXbfawd0urKshkc5MgdBeJmALQKw/IMG_3165.jpeg,https://static1.squarespace.com/static/5c887ab77980b36aafd6e495/t/5e62eba6fa4b5b030e1526a9/1612807286453/,Farm
99,Mountain Spring Farm,WMGC,https://www.wmgcoop.com/mountain-spring-farm,https://images.squarespace-cdn.com/content/v1/58ab5c7617bffc6029e04e46/1495047719120-MGTXW8TW3JMSRPQMI6SI/ke17ZwdGBToddI8pDm48kBNq9bfg9D2XC_cyTDH8CoMUqsxRUqqbr1mOJYKfIPR7LoDQ9mXPOjoJoqy81S2I8N_N4V1vUb5AoIIIbLZhVYxCRW4BPu10St3TBAUQYVKcUrMruR6fXClZ8WWsFEl5FvwN6n1yUdzQ4imHaDB47_NzxGIZVkvfMh1w0tltqmHS/mountain+spring.jpg,,Farm
100,Mr. Frank's Kitchen,PSFH,https://www.mrfrankskitchen.com/,"https://static.wixstatic.com/media/674500_60cc83f20e784d579b7ef2bf787406dc~mv2.jpg/v1/crop/x_0,y_21,w_3000,h_1395/fill/w_289,h_129,al_c,q_80,usm_0.66_1.00_0.01/DSC_1218.webp","https://static.wixstatic.com/media/674500_21b3f22a28a446bfa0583f5a0f766aaa~mv2.jpg/v1/fill/w_198,h_100,al_c,q_80,usm_0.66_1.00_0.01/Mr%20Frank's%20Name.webp",Producer
101,MyShan Dairy,PSFH,https://store.pugetsoundfoodhub.com/Producer/5af3db34-f783-4e7e-801f-e1a6c256118a,https://lfmimages.blob.core.windows.net/400952-puget/Producer_Profile_Photos/MyshanFarm1.JPG,https://lfmimages.blob.core.windows.net/400952-puget/Producer_Profile_Photos/MyshanLogo.JPG,Farm
102,Naija Foods,PSFH,http://www.naijabukaseattle.com/,"https://img1.wsimg.com/isteam/ip/8b100403-5897-4b20-bad8-69934dcddb6a/chef%20lilian%203.jpg/:/rs=w:960,h:460,cg:true,m/cr=w:960,h:460,ax:50%25,ay:50%25",https://img1.wsimg.com/isteam/ip/8b100403-5897-4b20-bad8-69934dcddb6a/logo/a14b8ce8-9785-445c-8491-5e7d2f101646.jpg/:/rs=h:160/qt=q:95,Producer
103,Nookachamps Farms,PSFH,http://www.nookachampsfarms.com/,https://nookachampsfarms.com/static/b82660b04eef94b191f890b9899cf197/13e10/Photo%20Oct%2009%2C%201%2016%2000%20PM.jpg,,Farm
104,Nooksack Blueberries,PSFH,http://www.nooksackblueberries.com/,https://lfmimages.blob.core.windows.net/400952-puget/meet-the-producers/a4aeb3ff-ed87-4d8e-bd2f-d44a1fea5249/producerImg2.jpeg,https://lfmimages.blob.core.windows.net/400952-puget/meet-the-producers/a4aeb3ff-ed87-4d8e-bd2f-d44a1fea5249/pThumbnail.jpeg,Farm
105,North Cascades Meat Producers Cooperative,PSFH,http://www.northcascademeats.com/,https://lfmimages.blob.core.windows.net/400952-puget/Producer_Profile_Photos/NCMP.jpg,http://www.northcascademeats.com/wp-content/uploads/2012/06/northcascademeats-logo1.png,Producer
106,Northwest Green Farm,PSFH,https://store.pugetsoundfoodhub.com/Producer/93c4e185-512d-4a08-a0e0-5cd442b7d086,https://lfmimages.blob.core.windows.net/400952-puget/Producer_Profile_Photos/Lettuce_NWGreenFarm1.jpg,,Farm
107,Nuflours,PSFH,https://nuflours.com/,https://cdn.shopify.com/s/files/1/0278/0780/9588/files/gluten-free_540x.jpg,https://lfmimages.blob.core.windows.net/400952-puget/meet-the-producers/3402d271-6d46-4914-b209-f851c920719b/pThumbnail.jpeg,Producer
108,Oak Meadows Farm,PSFH,http://oakmeadowsfarmllc.com/,https://lfmimages.blob.core.windows.net/400952-puget/Producer_Profile_Photos/OMFFarmSm.jpg,,Farm
109,OlyKraut,PSFH,http://olykraut.com/,https://lfmimages.blob.core.windows.net/400952-puget/products/producers/55803d1e-0439-4126-b582-65e2f1868671/producerImg2.jpeg,https://lfmimages.blob.core.windows.net/400952-puget/products/producers/55803d1e-0439-4126-b582-65e2f1868671/pThumbnail.jpeg,Producer
110,Osprey Hill Farm,PSFH,http://www.ospreyhillfarm.com/,https://lfmimages.blob.core.windows.net/400952-puget/Producer_Profile_Photos/OspreyFarmPhoto.jpg,https://lfmimages.blob.core.windows.net/400952-puget/Producer_Profile_Photos/Osprey_Hill.jpg,Farm
111,Pangea Ferments,PSFH,http://www.pangeaferments.com/,https://lfmimages.blob.core.windows.net/400952-puget/meet-the-producers/225c9181-5524-4c7b-aaaf-80f7730acbb7/producerImg1.jpeg,https://lfmimages.blob.core.windows.net/400952-puget/meet-the-producers/225c9181-5524-4c7b-aaaf-80f7730acbb7/pThumbnail.jpeg,Producer
112,Pardise Gardens,WMGC,https://www.wmgcoop.com/paradise-gardens,https://images.squarespace-cdn.com/content/v1/58ab5c7617bffc6029e04e46/1495047913435-MY1Z2KLIBRIGUFCKIKOQ/ke17ZwdGBToddI8pDm48kGrfW1S35uWnIbj-xRk3UP1Zw-zPPgdn4jUwVcJE1ZvWhcwhEtWJXoshNdA9f1qD7Xj1nVWs2aaTtWBneO2WM-uHvEO7xlFjTBRwjrmQGAlm1NuRIER2mqDRXMX5urSAxw/squash.jpg,,Farm
113,Patty Pan Cooperative,PSFH,https://store.pugetsoundfoodhub.com/Producer/c5a03df2-f93f-45f1-a1bf-b917d75dc777,https://lfmimages.blob.core.windows.net/400952-puget/meet-the-producers/c5a03df2-f93f-45f1-a1bf-b917d75dc777/producerImg2.jpeg,https://lfmimages.blob.core.windows.net/400952-puget/meet-the-producers/c5a03df2-f93f-45f1-a1bf-b917d75dc777/producerImg1.jpeg,Producer
114,Peak of Abundance Farm,LINC,https://www.instagram.com/peakofabundance/,https://images.squarespace-cdn.com/content/v1/52f151aee4b0cbd3eeceb3c9/1574462880284-986ZYKSVF0FW032Y84KH/ke17ZwdGBToddI8pDm48kK5MJpEV0ELy3IrkgzYaiV17gQa3H78H3Y0txjaiv_0fDoOvxcdMmMKkDsyUqMSsMWxHk725yiiHCCLfrh8O1z5QPOohDIaIeljMHgDF5CVlOqpeNLcJ80NK65_fV7S1UfpTaKdLvVA4vPnxJaigbEIpH0V03iaT8rPOZRYPlukck7cdyn__qMcp9i5OcJKeGQ/IMG_3663.JPG,,Farm
115,Ploughshare Farm,WMGC,https://www.wmgcoop.com/ploughshare-farm,https://images.squarespace-cdn.com/content/v1/58ab5c7617bffc6029e04e46/1495048002131-0UNK5WP60Q65BF589LMB/ke17ZwdGBToddI8pDm48kPmLlvCIXgndBxNq9fzeZb1Zw-zPPgdn4jUwVcJE1ZvWQUxwkmyExglNqGp0IvTJZamWLI2zvYWH8K3-s_4yszcp2ryTI0HqTOaaUohrI8PIFMLRh9LbupWL4Bv1SDYZc4lRApws2Snwk0j_RSxbNHMKMshLAGzx4R3EDFOm1kBS/ploughshare.jpg,https://images.squarespace-cdn.com/content/v1/58ab5c7617bffc6029e04e46/1494993020457-ELR40YMSCE8K3L7HXNG5/ke17ZwdGBToddI8pDm48kJnzzE59m5I7NuqccL_o2MxZw-zPPgdn4jUwVcJE1ZvWQUxwkmyExglNqGp0IvTJZUJFbgE-7XRK3dMEBRBhUpyjlIiRJQmGVP2w6jwZgqnSzym8VlkacTklBXSowt0pLpKms1qP4bGZr1zEJvQZ3jQ/attachment_80617694.png,Farm
116,Puget Sound Food Hub,,https://pugetsoundfoodhub.com/,https://pugetsoundfoodhub.com/wp-content/uploads/2017/11/3farmergroup.jpg,https://pugetsoundfoodhub.com/wp-content/uploads/2017/01/PugetSoundFoodHubLogo.png,Hub
117,Pure Eire Dairy,LINC,https://www.pureeiredairy.com/,https://images.squarespace-cdn.com/content/v1/52f151aee4b0cbd3eeceb3c9/1575492233653-BKFDJZJWC01SMKHUQ0A1/ke17ZwdGBToddI8pDm48kCYr7i0kR287e6NSPb49niB7gQa3H78H3Y0txjaiv_0fDoOvxcdMmMKkDsyUqMSsMWxHk725yiiHCCLfrh8O1z5QPOohDIaIeljMHgDF5CVlOqpeNLcJ80NK65_fV7S1UW0OoMhQLGptLQ89522RTf5-6wDfMGQIMKoSrUlHDqiwoT__5iE7svB1u_pQDzoSaA/Logo.JPG,,Farm
118,Pure Nelida Farm,PSFH,https://purenelida.wixsite.com/pure,https://lfmimages.blob.core.windows.net/400952-puget/products/producers/6076b462-7b73-476d-9e4b-27ffbcc18a34/producerImg1.jpeg,https://lfmimages.blob.core.windows.net/400952-puget/products/producers/6076b462-7b73-476d-9e4b-27ffbcc18a34/pThumbnail.jpeg,Farm
119,Ralph's Greenhouse,PSFH,https://lfmimages.blob.core.windows.net/400952-puget/products/producers/6076b462-7b73-476d-9e4b-27ffbcc18a34/pThumbnail.jpeg,https://lfmimages.blob.core.windows.net/400952-puget/Producer_Profile_Photos/Ralphs.jpg,https://lfmimages.blob.core.windows.net/400952-puget/Producer_Profile_Photos/RalphsLogo.jpg,Farm
120,Ramrock Orchard,WMGC,https://www.wmgcoop.com/ramrock-orchard,https://images.squarespace-cdn.com/content/v1/58ab5c7617bffc6029e04e46/1495076457811-WD4Y02GI4UT7GUYRZ65R/ke17ZwdGBToddI8pDm48kIJaAj_MSS-_tUdOlPu4DxcUqsxRUqqbr1mOJYKfIPR7LoDQ9mXPOjoJoqy81S2I8N_N4V1vUb5AoIIIbLZhVYxCRW4BPu10St3TBAUQYVKcwVMAieRmoM_wH72m2TPw_7LarE8TC1lsNlx3MsB_ygvbyIWHlkM30ZpPUu8adCSU/ramrock-12.jpg,https://images.squarespace-cdn.com/content/v1/58ab5c7617bffc6029e04e46/1494993134910-5D3V9DW66JXNYPRVYUGH/ke17ZwdGBToddI8pDm48kOC2wbZlMhfBbW2-yn-m3bFZw-zPPgdn4jUwVcJE1ZvWhcwhEtWJXoshNdA9f1qD7Xj1nVWs2aaTtWBneO2WM-tNXijAhqnRGQf9RMxbM_LXkBVufbKbz46vB5DXJqf8Ew/image-asset.jpeg,Farm
121,Red Shed Farm,PSFH,http://www.redshed.farm/,https://lfmimages.blob.core.windows.net/400952-puget/Producer_Profile_Photos/RedShed.jpg,https://lfmimages.blob.core.windows.net/400952-puget/Producer_Profile_Photos/RedShedLogo.jpg,Farm
122,S&P Homestead,LINC,https://sphomestead.farm/,https://images.squarespace-cdn.com/content/v1/52f151aee4b0cbd3eeceb3c9/1574551089438-JKPW5E2KAVOF6AZ7RUFW/ke17ZwdGBToddI8pDm48kPTrHXgsMrSIMwe6YW3w1AZ7gQa3H78H3Y0txjaiv_0fDoOvxcdMmMKkDsyUqMSsMWxHk725yiiHCCLfrh8O1z4YTzHvnKhyp6Da-NYroOW3ZGjoBKy3azqku80C789l0k5fwC0WRNFJBIXiBeNI5fKTrY37saURwPBw8fO2esROAxn-RKSrlQamlL27g22X2A/IMG_20180611_203727124_HDR%5B1%5D.jpg,,Farm
123,Sage & Sky Farm,PSFH,http://www.sageandskyfarm.com/,https://lfmimages.blob.core.windows.net/400952-puget/Producer_Profile_Photos/SageSky1.jpg,https://lfmimages.blob.core.windows.net/400952-puget/Producer_Profile_Photos/SageSkylogo.jpg,Farm
124,Samish Bay Cheese,PSFH,http://samishbay.com/,https://lfmimages.blob.core.windows.net/400952-puget/Producer_Profile_Photos/Samish_Bay.jpg,https://lfmimages.blob.core.windows.net/400952-puget/products/producers/7e288cfb-e327-4e00-8c22-27daafd7242a/pThumbnail.jpeg,Farm
125,Sauk Farm,PSFH,http://www.saukfarm.com/,https://lfmimages.blob.core.windows.net/400952-puget/Producer_Profile_Photos/Sauk.JPG,https://lfmimages.blob.core.windows.net/400952-puget/Producer_Profile_Photos/SaukFarmLogoSq.jpg,Farm
126,Scabland Farm,LINC,https://scablandfarm.weebly.com/,https://images.squarespace-cdn.com/content/v1/52f151aee4b0cbd3eeceb3c9/1574462958697-HOLPSE1KGABF7V1ZRPRH/ke17ZwdGBToddI8pDm48kDHPSfPanjkWqhH6pl6g5ph7gQa3H78H3Y0txjaiv_0fDoOvxcdMmMKkDsyUqMSsMWxHk725yiiHCCLfrh8O1z4YTzHvnKhyp6Da-NYroOW3ZGjoBKy3azqku80C789l0mwONMR1ELp49Lyc52iWr5dNb1QJw9casjKdtTg1_-y4jz4ptJBmI9gQmbjSQnNGng/20190114_125056.jpg,,Farm
127,Shambala Ancient Grain Bakery,PSFH,https://www.shambalabakery.com/,https://lirp-cdn.multiscreensite.com/7fb3bdfb/dms3rep/multi/opt/Husband+Wife-320w.jpg,https://lirp-cdn.multiscreensite.com/7fb3bdfb/import/clib/shambalabakery_com/dms3rep/multi/opt/903334-400x81-513w.png,Producer
128,Shen Zen Tea,PSFH,http://www.shenzentea.com/,https://shenzentea.com/wp-content/uploads/2019/12/GingerKombucha.jpg,https://shenzentea.com/wp-content/uploads/2018/09/logo-clear-1.png,Producer
129,Sherman's Pioneer Farm Produce,PSFH,https://store.pugetsoundfoodhub.com/Producer/586f0cca-8123-42f1-8885-3eb28315f870,https://lfmimages.blob.core.windows.net/400952-puget/Producer_Profile_Photos/Shermans.jpg,https://lfmimages.blob.core.windows.net/400952-puget/Producer_Profile_Photos/Shermansedit.jpg,Farm
130,Silva Family Farm,PSFH,http://www.silvafamilyfarm.com/,https://lfmimages.blob.core.windows.net/400952-puget/Producer_Profile_Photos/SilvaPablo.jpg,https://lfmimages.blob.core.windows.net/400952-puget/Producer_Profile_Photos/Silva_Farm_Logo.jpg,Farm
131,Skagit River Ranch,PSFH,http:// www.skagitriverranch.com,https://lfmimages.blob.core.windows.net/400952-puget/meet-the-producers/7ed225ae-4a6e-47bc-b93e-85a436731a69/producerImg1.jpeg,https://lfmimages.blob.core.windows.net/400952-puget/meet-the-producers/7ed225ae-4a6e-47bc-b93e-85a436731a69/pThumbnail.jpeg,Farm
132,Skiyou Ranch,PSFH,http://www.skiyouranch.com/,https://lfmimages.blob.core.windows.net/400952-puget/products/producers/b21f4b30-333d-4925-8479-9d5b71370e8b/producerImg1.jpeg,https://lfmimages.blob.core.windows.net/400952-puget/products/producers/b21f4b30-333d-4925-8479-9d5b71370e8b/pThumbnail.jpeg,Farm
133,Slanted Sun Farm,PSFH,http://www.slantedsunfarm.com/,https://lfmimages.blob.core.windows.net/400952-puget/Producer_Profile_Photos/SlantedSunFarm.jpg,https://lfmimages.blob.core.windows.net/400952-puget/Producer_Profile_Photos/SlantedSunLogo.jpg,Farm
134,Smoot's Flavor Farm,LINC,http://smootsflavorfarm.com/,https://images.squarespace-cdn.com/content/v1/52f151aee4b0cbd3eeceb3c9/1575576317411-KW6BD1JIX32OBTLQUIJI/ke17ZwdGBToddI8pDm48kK60W-ob1oA2Fm-j4E_9NQB7gQa3H78H3Y0txjaiv_0fDoOvxcdMmMKkDsyUqMSsMWxHk725yiiHCCLfrh8O1z4YTzHvnKhyp6Da-NYroOW3ZGjoBKy3azqku80C789l0kD6Ec8Uq9YczfrzwR7e2Mh5VMMOxnTbph8FXiclivDQnof69TlCeE0rAhj6HUpXkw/IMG_20190830_114540956.jpg,,Farm
135,Sophie's Farm,WMGC,https://www.wmgcoop.com/sophies-farm,https://images.squarespace-cdn.com/content/v1/58ab5c7617bffc6029e04e46/1495048620317-1N5VSNRXJBJSPVWK4GEW/ke17ZwdGBToddI8pDm48kHFnmntegnVXpN4y4ldn3ixZw-zPPgdn4jUwVcJE1ZvWQUxwkmyExglNqGp0IvTJZUJFbgE-7XRK3dMEBRBhUpxco7Gi2cI2YfBk8ZWdc_m6Xcr86dXh8TsiE3NyioNRZj9sD37Ved1vsRvl2h0UxBw/sophie.jpg,,Farm
136,Southern Exposure Family Farm,PSFH,https://store.pugetsoundfoodhub.com/Producer/b7257818-6d17-458b-af6d-370599d77fde,https://lfmimages.blob.core.windows.net/400952-puget/Producer_Profile_Photos/SouthExposure.jpg,,Farm
137,Spencer's Valley View Eggs,WMGC,https://www.wmgcoop.com/spencer-valley-view-farm,https://images.squarespace-cdn.com/content/v1/58ab5c7617bffc6029e04e46/1495048814050-K66PTRS4A6VJHMIGY3CP/ke17ZwdGBToddI8pDm48kE4BGarUuqL0EYCLU4G9wytZw-zPPgdn4jUwVcJE1ZvWEtT5uBSRWt4vQZAgTJucoTqqXjS3CfNDSuuf31e0tVEFD_Z4fFRAY05NLnSU4WXFuHcko_ADVB1LuuadEf9GSSu-ouD53-II7Kn3zBbVkZo/eggs.jpg,,Farm
138,Spring Rain Farm & Orchard,PSFH,https://springrainfarm.org/,https://images.squarespace-cdn.com/content/v1/58093f7dff7c50ad5ae216f3/1555464138434-AEHSPVTK59AEXQO84YYU/ke17ZwdGBToddI8pDm48kPTrHXgsMrSIMwe6YW3w1AZ7gQa3H78H3Y0txjaiv_0fDoOvxcdMmMKkDsyUqMSsMWxHk725yiiHCCLfrh8O1z4YTzHvnKhyp6Da-NYroOW3ZGjoBKy3azqku80C789l0k5fwC0WRNFJBIXiBeNI5fKTrY37saURwPBw8fO2esROAxn-RKSrlQamlL27g22X2A/Spring%2BRain%2BFarm%2B2016-21.jpg,https://static1.squarespace.com/static/58093f7dff7c50ad5ae216f3/t/580973c2414fb50d9350c543/1613316471689/,Farm
139,Spring Time Farm,PSFH,http://www.springtimefarm.com/,https://lfmimages.blob.core.windows.net/400952-puget/Producer_Profile_Photos/SpringTime.jpg,https://lfmimages.blob.core.windows.net/400952-puget/Producer_Profile_Photos/spring-time-farmsq.jpg,Farm
140,Starvation Alley,PSFH,https://store.pugetsoundfoodhub.com/Producer/c42f520c-e130-4256-aa02-6450001a52d4,https://lfmimages.blob.core.windows.net/400952-puget/Producer_Profile_Photos/StarvAlley.jpg,https://lfmimages.blob.core.windows.net/400952-puget/Producer_Profile_Photos/StarvAlleyLogo.jpg,Farm
141,Steel Wheel Farm,PSFH,http://www.steelwheelfarm.com/,https://lfmimages.blob.core.windows.net/400952-puget/Producer_Profile_Photos/Steel_Wheel_Farm.jpg,https://lfmimages.blob.core.windows.net/400952-puget/Producer_Profile_Photos/SteelWheelFarm3.jpg,Farm
142,Sumas River Farm,PSFH,http://sumasriverfarm.com/,https://lh5.googleusercontent.com/t8IlZGuL9PCCQULG7gRj0-VdnglU24Tjl5WIOSBi0PVCpDsXN4X-ltdD2Y7ht3QzAsmD664MFnzoLgPzD0wPZ6PFJdCFYwmCVwsi8vgy5h19Ys0s=w1280,https://lfmimages.blob.core.windows.net/400952-puget/Producer_Profile_Photos/SumasRiverLogoSq.jpg,Farm
143,Sweetroot Farm,WMGC,http://www.sweetroot.farm/,https://images.squarespace-cdn.com/content/v1/58ab5c7617bffc6029e04e46/1495049215056-RT454OL80RCPVZ4WWX9Y/ke17ZwdGBToddI8pDm48kPmLlvCIXgndBxNq9fzeZb1Zw-zPPgdn4jUwVcJE1ZvWQUxwkmyExglNqGp0IvTJZamWLI2zvYWH8K3-s_4yszcp2ryTI0HqTOaaUohrI8PIFMLRh9LbupWL4Bv1SDYZc4lRApws2Snwk0j_RSxbNHMKMshLAGzx4R3EDFOm1kBS/sweet.jpg,https://images.squarespace-cdn.com/content/v1/58ab5c7617bffc6029e04e46/1494994340733-4I5A0ZUAMW21WRVXZ78T/ke17ZwdGBToddI8pDm48kMRyhYDgPk9y7GMUxyVGe-RZw-zPPgdn4jUwVcJE1ZvWQUxwkmyExglNqGp0IvTJZUJFbgE-7XRK3dMEBRBhUpzoPHppnmNwl3TJcatNy7Guep7qP-wNjXM-6rVCPo3NX5PuHDDAzCDFVJ9rfhLFRLA/sweet+root.png,Farm
144,Ten Fold Farm,PSFH,http://www.tenfoldfarm.com/,https://lfmimages.blob.core.windows.net/400952-puget/Producer_Profile_Photos/TenFold1.jpg,https://lfmimages.blob.core.windows.net/400952-puget/products/producers/da574782-fea6-46ae-8a13-f8eafa6c8f1d/pThumbnail.jpeg,Farm
145,The Crows Farm,PSFH,http://www.thecrowsfarm.com/,https://lfmimages.blob.core.windows.net/400952-puget/products/producers/57c399bc-0b15-4866-9f8f-b3d739bb0ffa/producerImg2.jpeg,https://lfmimages.blob.core.windows.net/400952-puget/products/producers/57c399bc-0b15-4866-9f8f-b3d739bb0ffa/pThumbnail.png,Farm
146,The Orchard at Flathead Lake,WMGC,http://www.montanaorchard.com/,https://images.squarespace-cdn.com/content/v1/58ab5c7617bffc6029e04e46/1495050245902-RJ5ES34FBB4KZTTM04VV/ke17ZwdGBToddI8pDm48kPiHDyhV3wIsrqoOvWk91YVZw-zPPgdn4jUwVcJE1ZvWQUxwkmyExglNqGp0IvTJZUJFbgE-7XRK3dMEBRBhUpw76u-Um8-gNiJOS3XKsjRPWHUfcIXfLLqxMkua9fAfA6ld7Y9c5CPdiJsBi7LVml0/oflc.jpg,https://images.squarespace-cdn.com/content/v1/58ab5c7617bffc6029e04e46/1494994417002-MT8PZ1QQUFH5WYQ3IL08/ke17ZwdGBToddI8pDm48kJK0sTO7aJ8HZDDTNMJSEXJZw-zPPgdn4jUwVcJE1ZvWhcwhEtWJXoshNdA9f1qD7Xj1nVWs2aaTtWBneO2WM-vpt6o_OPisRmH7DzA7fuuVpKzVuNVzbcXFZBXqGEo0tg/image-asset.jpeg,Farm
147,Timeless Seeds,WMGC,http://www.timelessfood.com/,https://images.squarespace-cdn.com/content/v1/58ab5c7617bffc6029e04e46/1495050463781-C3SAGDRGHW1UN2S19ICN/ke17ZwdGBToddI8pDm48kLpWSP0KHqwh_qcl0Sm0uAFZw-zPPgdn4jUwVcJE1ZvWQUxwkmyExglNqGp0IvTJZUJFbgE-7XRK3dMEBRBhUpziu5SbwSY2h3e55Q6vEBZmlFs3baY3kEcXLjE4VycyR-WrrUQdzEfWLwIKuzmr0rM/timeless.jpg,https://images.squarespace-cdn.com/content/v1/58ab5c7617bffc6029e04e46/1494995519117-7P8MWU1H9UKVX9T76OU8/ke17ZwdGBToddI8pDm48kLEHxKQHKiy9dQBNxlx5q5pZw-zPPgdn4jUwVcJE1ZvWQUxwkmyExglNqGp0IvTJZUJFbgE-7XRK3dMEBRBhUpwZThNaEhitHlOaVQNMK82AWlbip_8uGoyt82HKRogwAzzuJO8g7LV-9Scz8rnWMuo/TimelessSeedsLogo2010.jpg,Farm
148,Tonnemaker Hill Farm,LINC,http://tonnemaker.com/index.html,https://images.squarespace-cdn.com/content/v1/52f151aee4b0cbd3eeceb3c9/1575395291873-AKOGYLBBAPQ0FXTFXDMK/ke17ZwdGBToddI8pDm48kKHXzWNYh4u19w-OvZd-tfoUqsxRUqqbr1mOJYKfIPR7LoDQ9mXPOjoJoqy81S2I8N_N4V1vUb5AoIIIbLZhVYxCRW4BPu10St3TBAUQYVKcepZSzMhIhFkOdJzUCszGAxYmp7VJk9PC2WrsQcanZmFvx6Z2lITzLdS8DZaYOgd1/Tonnemakers+-+Apples.png,,Farm
149,Tulip Town,PSFH,https://tuliptown.com/,https://cdn.shopify.com/s/files/1/0267/8236/7792/files/SBventures_Team2_1080x.png,https://cdn.shopify.com/s/files/1/0267/8236/7792/files/TulipTownLogo_black_3b3fb718-3c22-4aa5-b42b-8cbff3b58f36_240x.png,Farm
150,Urban Eden Farm,LINC,http://www.urbanedenfarm.com/,https://images.squarespace-cdn.com/content/v1/52f151aee4b0cbd3eeceb3c9/1574549712724-9Z6XU8VYSN3U6ENKT78U/ke17ZwdGBToddI8pDm48kL-PDEV0kc4nkv6ZO74dbct7gQa3H78H3Y0txjaiv_0fDoOvxcdMmMKkDsyUqMSsMWxHk725yiiHCCLfrh8O1z5QPOohDIaIeljMHgDF5CVlOqpeNLcJ80NK65_fV7S1UfdVC79UZfxPkMeg9HFyXpQQifYSi4HMBv5Z68sTGDeU_XaCZ2eR_PUwOvzfpR6u4g/-6053117192107832955.jpg,,Farm
151,Vern's Veggies & More,LINC,https://www.localharvest.org/verns-veggies-and-more-at-spencer-heritage-farm-M57243,https://images.squarespace-cdn.com/content/v1/52f151aee4b0cbd3eeceb3c9/1575395495512-VQP0KWZHW8OM078MCLSA/ke17ZwdGBToddI8pDm48kPTrHXgsMrSIMwe6YW3w1AZ7gQa3H78H3Y0txjaiv_0fDoOvxcdMmMKkDsyUqMSsMWxHk725yiiHCCLfrh8O1z4YTzHvnKhyp6Da-NYroOW3ZGjoBKy3azqku80C789l0k5fwC0WRNFJBIXiBeNI5fKTrY37saURwPBw8fO2esROAxn-RKSrlQamlL27g22X2A/035.jpg,,Farm
152,Vertical Fog Farm,PSFH,https://verticalfogfarm.wordpress.com/vertical-fog-farm/,https://verticalfogfarm.files.wordpress.com/2018/07/img-2487.jpg,https://lfmimages.blob.core.windows.net/400952-puget/products/producers/d3c2701c-1f22-4908-9f04-9a398f1bbad6/pThumbnail.jpeg,Farm
153,Viva Farms,PSFH,http://www.vivafarms.org/,https://vivafarms.org/wp-content/uploads/2018/07/img_spot_learn-to-farm_600x400.jpg,https://lfmimages.blob.core.windows.net/400952-puget/Producer_Profile_Photos/Viva.jpg,Farm
154,Well Fed Farms,PSFH,https://store.pugetsoundfoodhub.com/Producer/a53de622-fbbe-47d9-ac78-75ba68ce3649,https://lfmimages.blob.core.windows.net/400952-puget/Producer_Profile_Photos/964.jpeg,,Farm
155,Whidbey Pies,PSFH,http://whidbeypies.com/,https://images.squarespace-cdn.com/content/v1/532a29bbe4b086acfd600c70/1401665749137-849ZYEBSD2Z8RK9IU4IY/ke17ZwdGBToddI8pDm48kIyyNOLf77ZFDorXutmmlZUUqsxRUqqbr1mOJYKfIPR7LoDQ9mXPOjoJoqy81S2I8N_N4V1vUb5AoIIIbLZhVYxCRW4BPu10St3TBAUQYVKc-wPCI7MhZ36XdPcTklWlRs1nAh6q8EAQPpLJpt1Fho96MIZoKlHjbPVwbVOLLWZV/Whidbyepies_Farm_092.jpg,https://lfmimages.blob.core.windows.net/400952-puget/products/producers/5f24a41c-3484-484a-9eae-a0033815d89d/pThumbnail.jpeg,Producer
156,Whitestone Mountain Orchard,LINC,http://www.whitestonemountainorchard.com/,https://images.squarespace-cdn.com/content/v1/52f151aee4b0cbd3eeceb3c9/1574463015599-S4D1U6XZOPT4K3PG3H6C/ke17ZwdGBToddI8pDm48kPoswlzjSVMM-SxOp7CV59BZw-zPPgdn4jUwVcJE1ZvWQUxwkmyExglNqGp0IvTJZamWLI2zvYWH8K3-s_4yszcp2ryTI0HqTOaaUohrI8PIeQMKeWYgwh6Mn73n2eZmZLHHpcPIxgL2SArp_rN2M_AKMshLAGzx4R3EDFOm1kBS/Whitestone+Mountain+Orchard+3.jpg,,Farm
157,Wild Plum Farm,WMGC,https://www.wmgcoop.com/wild-plum-farm,https://images.squarespace-cdn.com/content/v1/58ab5c7617bffc6029e04e46/1495050854934-G95YILBR420E8SO1JSA4/ke17ZwdGBToddI8pDm48kD2z-LLWBH7obTt8oweMjYNZw-zPPgdn4jUwVcJE1ZvWQUxwkmyExglNqGp0IvTJZamWLI2zvYWH8K3-s_4yszcp2ryTI0HqTOaaUohrI8PImOHbQbjXasSwxFcLdk_scOGqT4Z6kt8j9Nmw5KBS9fwKMshLAGzx4R3EDFOm1kBS/wild+plum.jpg,,Farm
158,Western Montana Growers Cooperative,,https://www.wmgcoop.com/,https://images.squarespace-cdn.com/content/v1/58ab5c7617bffc6029e04e46/1487782958818-ZJO8CCMUUFU0EY012HDM/ke17ZwdGBToddI8pDm48kPqJSAio1NKDvIK-wXfTDCUUqsxRUqqbr1mOJYKfIPR7LoDQ9mXPOjoJoqy81S2I8N_N4V1vUb5AoIIIbLZhVYxCRW4BPu10St3TBAUQYVKcCEK8Cx-Dx_Vx-Bo7p4kFDmvGEycJoxloB6oTivkJoR6zvRZrxl5WeKq7DYSG24RR/MM.JPG,https://images.squarespace-cdn.com/content/58ab5c7617bffc6029e04e46/1487625554990-6P1C7MIF89TJF4I1UMRO/WMGC_Logo_New.png,Hub
159,WSU Organic Farm,LINC,http://css.wsu.edu/organicfarm/,https://images.squarespace-cdn.com/content/v1/52f151aee4b0cbd3eeceb3c9/1574463022328-EA1NAJCFIAKPYQCYZ8UX/ke17ZwdGBToddI8pDm48kF_9RA5yQ9mdxM2JX0GPp357gQa3H78H3Y0txjaiv_0fDoOvxcdMmMKkDsyUqMSsMWxHk725yiiHCCLfrh8O1z5QPOohDIaIeljMHgDF5CVlOqpeNLcJ80NK65_fV7S1UaurdhLIdIeBCcYCzpD6ormEIuSnzLgzryPBU_d8Qp8FDCeKV-BrhqRjQnW1nxj9pA/12000955_768278139947873_5791108932807075304_o.jpg,,Farm
160,Wustner Brothers Honey,WMGC,https://www.wmgcoop.com/wustner-brothers,https://images.squarespace-cdn.com/content/v1/58ab5c7617bffc6029e04e46/1495050929806-9W4QVL18IYDARH08BCEA/ke17ZwdGBToddI8pDm48kP06O0_IHyRXSOOiqwgWaApZw-zPPgdn4jUwVcJE1ZvWEtT5uBSRWt4vQZAgTJucoTqqXjS3CfNDSuuf31e0tVEHLRkg2cosQUGLeQ33UzXdgIxPDaVwE3LlEpL74qP4JVW4jCyXLPvvdR287iymYt8/wb.jpg,https://images.squarespace-cdn.com/content/v1/58ab5c7617bffc6029e04e46/1494996183321-QNYYZVH30Y2HDXH2TV14/ke17ZwdGBToddI8pDm48kARgKMEuYwZD73J2jjiIWPlZw-zPPgdn4jUwVcJE1ZvWhcwhEtWJXoshNdA9f1qD7Xj1nVWs2aaTtWBneO2WM-sfIGlcN0nYAYS9JuHH2MOlX3K8dTkKhofmVmOQcEjfsQ/image-asset.jpeg,Farm
